,0,1,2,3,4
/home/rjb255/researchProject/researchProject/data/big/qsar_data/CHEMBL5990.csv,0.47564092504890376,0.3208233810272294,0.3208233810272294,0.3208233810272294,0.3208233810272294
/home/rjb255/researchProject/researchProject/data/big/qsar_data/CHEMBL5762.csv,7.099748146989103e-30,7.099748146989103e-30,7.099748146989103e-30,7.099748146989103e-30,7.099748146989103e-30
/home/rjb255/researchProject/researchProject/data/big/qsar_data/CHEMBL3337.csv,1.8675671068728896,0.8860021049384086,0.5282162990355063,0.3697939082100279,0.2563354923255679
/home/rjb255/researchProject/researchProject/data/big/qsar_data/CHEMBL3528.csv,0.32183681141199966,0.08736662415633775,0.08736662415633775,0.08736662415633775,0.08736662415633775
/home/rjb255/researchProject/researchProject/data/big/qsar_data/CHEMBL5337.csv,0.3733652496467365,0.24311586296865154,0.22571182815445212,0.15613677778776555,0.08273466797696716
/home/rjb255/researchProject/researchProject/data/big/qsar_data/CHEMBL4631.csv,1.9788789908980169,1.1101997080708879,0.7566462922139903,0.651587457117548,0.5305295036967183
/home/rjb255/researchProject/researchProject/data/big/qsar_data/CHEMBL5413.csv,1.6330039274247343,1.5215302521530174,1.4104804155913788,0.8048871968573224,0.6275014804453367
/home/rjb255/researchProject/researchProject/data/big/qsar_data/CHEMBL3186.csv,0.45318195041011844,0.07750629978912524,0.07750629978912524,0.07750629978912524,0.07750629978912524
/home/rjb255/researchProject/researchProject/data/big/qsar_data/CHEMBL1866.csv,0.5485745459326684,0.40448299121821507,0.33421556385706624,0.21685411358287676,0.21685411358287676
/home/rjb255/researchProject/researchProject/data/big/qsar_data/CHEMBL2097163.csv,0.5188052445954608,0.29180332051774827,0.29180332051774827,0.29180332051774827,0.29180332051774827
/home/rjb255/researchProject/researchProject/data/big/qsar_data/CHEMBL5332.csv,0.7122312282751494,0.5258495854019108,0.18413933423043538,0.13065388743508408,0.10522852226914595
/home/rjb255/researchProject/researchProject/data/big/qsar_data/CHEMBL4941.csv,1.2841001788347404,0.86328894169961,0.4688062684935666,0.3876001879514058,0.2672557174750011
/home/rjb255/researchProject/researchProject/data/big/qsar_data/CHEMBL2208.csv,1.245382594468731,1.1587441434157912,1.2263251829325867,1.290239496625249,1.230239626506389
/home/rjb255/researchProject/researchProject/data/big/qsar_data/CHEMBL1871.csv,1.4133865071185694,1.93903959287291,1.4524403774801824,1.4926862588271068,1.4687881106729845
/home/rjb255/researchProject/researchProject/data/big/qsar_data/CHEMBL1741186.csv,0.4219340640072625,0.5244846313583051,0.1838124576875176,0.14124862084301226,0.11489673378884842
/home/rjb255/researchProject/researchProject/data/big/qsar_data/CHEMBL1921662.csv,0.6784949734226228,0.4537369721279311,0.4537369721279311,0.4537369721279311,0.4537369721279311
/home/rjb255/researchProject/researchProject/data/big/qsar_data/CHEMBL4361.csv,0.6205693799439664,0.728649139432771,0.5342263780065282,0.4251043671955939,0.3798529320360756
/home/rjb255/researchProject/researchProject/data/big/qsar_data/CHEMBL227.csv,4.834815595749671,1.95306481883609,1.6644704535748656,0.8767409984819288,0.8006139460331356
/home/rjb255/researchProject/researchProject/data/big/qsar_data/CHEMBL3906.csv,0.9824541731953935,0.5043573303835354,0.43942390734870185,0.3882468995225588,0.3882468995225588
/home/rjb255/researchProject/researchProject/data/big/qsar_data/CHEMBL3374.csv,0.8993940781845287,0.8945153369231397,0.8530451920608761,0.9233378135655946,0.7659619189827175
/home/rjb255/researchProject/researchProject/data/big/qsar_data/CHEMBL2654.csv,0.597250873188142,0.3036187264224668,0.3036187264224668,0.3036187264224668,0.3036187264224668
/home/rjb255/researchProject/researchProject/data/big/qsar_data/CHEMBL3154.csv,0.8931066977954625,1.1095284747709164,0.5208625887847719,0.43766799097070164,0.3929661338458239
/home/rjb255/researchProject/researchProject/data/big/qsar_data/CHEMBL2468.csv,0.8765314157979052,0.6657118355093072,0.5899057624245545,0.6405530481867634,0.6009947996032472
/home/rjb255/researchProject/researchProject/data/big/qsar_data/CHEMBL3317.csv,0.4709627863931456,0.2738536225982132,0.2738536225982132,0.2738536225982132,0.2738536225982132
/home/rjb255/researchProject/researchProject/data/big/qsar_data/CHEMBL2276.csv,1.5132016096377658,1.917484421387736,1.290278836047048,1.0632783104270123,0.8811759922508775
/home/rjb255/researchProject/researchProject/data/big/qsar_data/CHEMBL5767.csv,0.9433022816955821,0.7057196158034159,0.5956693962339599,0.39627595590246756,0.22475563211447844
/home/rjb255/researchProject/researchProject/data/big/qsar_data/CHEMBL2590.csv,1.7326352291266978,1.5823154718797616,1.457163947014157,1.2761980890758198,0.8533231254231504
/home/rjb255/researchProject/researchProject/data/big/qsar_data/CHEMBL286.csv,2.7832791990635344,2.913400723808731,2.798202974731137,2.330577285294018,1.7575922422207713
/home/rjb255/researchProject/researchProject/data/big/qsar_data/CHEMBL4958.csv,0.30153350854140926,0.264924663307537,0.11786438984999456,0.09801156264180447,0.07316118960491813
/home/rjb255/researchProject/researchProject/data/big/qsar_data/CHEMBL3897.csv,0.6176630082920125,0.3204512442065711,0.5935282906967443,0.1595321912137236,0.11148650432937225
/home/rjb255/researchProject/researchProject/data/big/qsar_data/CHEMBL1907596.csv,3.177009686709029,2.859688133917902,3.0796019789975166,2.6216368631274345,2.1471845220067327
/home/rjb255/researchProject/researchProject/data/big/qsar_data/CHEMBL3160.csv,1.6298963824056416,1.2049702466414458,1.4662892620300803,0.8858893730155688,0.7410950237862346
/home/rjb255/researchProject/researchProject/data/big/qsar_data/CHEMBL5295.csv,7.099748146989109e-30,7.099748146989109e-30,7.099748146989109e-30,7.099748146989109e-30,7.099748146989109e-30
/home/rjb255/researchProject/researchProject/data/big/qsar_data/CHEMBL1875.csv,1.9030230930443093,1.9145221082513997,1.1567333873322498,1.054414882774629,0.8322076677571265
/home/rjb255/researchProject/researchProject/data/big/qsar_data/CHEMBL4963.csv,0.7904861688289061,0.37135416669304006,0.37135416669304006,0.37135416669304006,0.37135416669304006
/home/rjb255/researchProject/researchProject/data/big/qsar_data/CHEMBL6114.csv,0.40053834851425446,0.21782419280361856,0.21782419280361856,0.21782419280361856,0.21782419280361856
/home/rjb255/researchProject/researchProject/data/big/qsar_data/CHEMBL1741217.csv,0.269806761407012,0.27511532978719616,0.27889064696876836,0.2592194983995384,0.2493702053161649
/home/rjb255/researchProject/researchProject/data/big/qsar_data/CHEMBL1926488.csv,0.31978345869802294,0.2868374182458421,0.26070519171970696,0.26070519171970696,0.26070519171970696
/home/rjb255/researchProject/researchProject/data/big/qsar_data/CHEMBL5701.csv,1.1297323615518036,1.240058595938405,0.5826981373830886,0.6304188467417718,0.6304188467417718
/home/rjb255/researchProject/researchProject/data/big/qsar_data/CHEMBL1944490.csv,0.5642692259104857,0.23047015947345,0.23047015947345,0.23047015947345,0.23047015947345
/home/rjb255/researchProject/researchProject/data/big/qsar_data/CHEMBL1908386.csv,0.5861548354119267,0.5919083044624657,0.4410065951955047,0.15473602213288953,0.15473602213288953
/home/rjb255/researchProject/researchProject/data/big/qsar_data/CHEMBL3961.csv,1.3988778296049618,1.2592247594216506,1.0307834517750663,0.7965074534151635,0.6774793107737626
/home/rjb255/researchProject/researchProject/data/big/qsar_data/CHEMBL1163125.csv,0.5375836963553822,0.44037113476709105,0.19698101960298575,0.14535137568189882,0.10616303619065
/home/rjb255/researchProject/researchProject/data/big/qsar_data/CHEMBL5619.csv,0.3359232820387171,0.2359606117501745,0.12362304507794405,0.11357754593159335,0.08700468312022515
/home/rjb255/researchProject/researchProject/data/big/qsar_data/CHEMBL2857.csv,2.201046221737237,1.7420618462087671,1.3832874866317826,1.1652747719396648,1.1225368333601455
/home/rjb255/researchProject/researchProject/data/big/qsar_data/CHEMBL313.csv,2.4054721557022867,2.196180862044735,1.8828594878317721,1.6898674307581099,1.5989390706165434
/home/rjb255/researchProject/researchProject/data/big/qsar_data/CHEMBL5378.csv,0.6278428798065862,0.590589575991182,0.5600486708820204,0.33356340863759415,0.3454656786125746
/home/rjb255/researchProject/researchProject/data/big/qsar_data/CHEMBL6123.csv,1.4086058294980763,0.5208064061852458,0.475339360492765,0.15009581231984243,0.15009581231984243
/home/rjb255/researchProject/researchProject/data/big/qsar_data/CHEMBL3737.csv,2.0753002092514383,1.3988141816059916,0.5129861791667018,0.32950094402669267,0.32950094402669267
/home/rjb255/researchProject/researchProject/data/big/qsar_data/CHEMBL3740.csv,0.802781704338688,0.4146382533336587,0.20656184444054854,0.20656184444054854,0.20656184444054854
/home/rjb255/researchProject/researchProject/data/big/qsar_data/CHEMBL3471.csv,1.2670534987836493,1.190811221307546,1.1479796166658658,1.0897756400570309,0.7473813294680874
/home/rjb255/researchProject/researchProject/data/big/qsar_data/CHEMBL5036.csv,0.5454159766399757,0.48725210055643503,0.5690596273279901,0.49868709665775235,0.29800152724684237
/home/rjb255/researchProject/researchProject/data/big/qsar_data/CHEMBL4844.csv,0.45281164923130446,0.30136647060001365,0.30136647060001365,0.30136647060001365,0.30136647060001365
/home/rjb255/researchProject/researchProject/data/big/qsar_data/CHEMBL5912.csv,0.2547484233785466,0.24855227024498028,0.1998517386418819,0.1982550756259842,0.1982550756259842
/home/rjb255/researchProject/researchProject/data/big/qsar_data/CHEMBL3587.csv,1.4952769692319339,1.2070399658682278,0.8454023898406697,0.8516152155564108,0.7738979796189305
/home/rjb255/researchProject/researchProject/data/big/qsar_data/CHEMBL5412.csv,0.7327887780513638,0.4647138760799699,0.22299225498121306,0.22299225498121306,0.22299225498121306
/home/rjb255/researchProject/researchProject/data/big/qsar_data/CHEMBL3526.csv,1.0106834726117888,0.8362980452334243,0.449861719831114,0.3531204281766012,0.2650565842702094
/home/rjb255/researchProject/researchProject/data/big/qsar_data/CHEMBL324.csv,1.5748316898855128,1.4872696538941947,1.5756438725497306,1.2292131281959475,1.1365185273622447
/home/rjb255/researchProject/researchProject/data/big/qsar_data/CHEMBL3921.csv,0.8274609083550436,0.6728471807486217,0.731993753252094,0.3006380016127711,0.2312503692015268
/home/rjb255/researchProject/researchProject/data/big/qsar_data/CHEMBL3235.csv,1.802303274701215,1.8773741718901853,1.8773741718901853,1.8773741718901853,1.8773741718901853
/home/rjb255/researchProject/researchProject/data/big/qsar_data/CHEMBL2111332.csv,1.0420392230698907,0.8156856045492826,0.3627830499133874,0.3627830499133874,0.3627830499133874
/home/rjb255/researchProject/researchProject/data/big/qsar_data/CHEMBL3942.csv,1.9092766819316556,1.7522908580202197,1.1582268931024162,0.8391554372565738,0.8067073229999886
/home/rjb255/researchProject/researchProject/data/big/qsar_data/CHEMBL4521.csv,0.9898119956518492,0.19483088145706012,0.19483088145706012,0.19483088145706012,0.19483088145706012
/home/rjb255/researchProject/researchProject/data/big/qsar_data/CHEMBL3021.csv,1.8338045033831996,0.6824886684953398,0.4786359635584652,0.4786359635584652,0.4786359635584652
/home/rjb255/researchProject/researchProject/data/big/qsar_data/CHEMBL4360.csv,0.5671027312599749,0.35075969926306905,0.12526755453070984,0.12526755453070984,0.12526755453070984
/home/rjb255/researchProject/researchProject/data/big/qsar_data/CHEMBL2095154.csv,3.742597279119204,2.75938533524055,2.207738743378405,1.0699741425136624,0.7942162608556727
/home/rjb255/researchProject/researchProject/data/big/qsar_data/CHEMBL4136.csv,1.0184289883301196,0.5433973325226099,0.5433973325226099,0.5433973325226099,0.5433973325226099
/home/rjb255/researchProject/researchProject/data/big/qsar_data/CHEMBL2899.csv,0.37991973482304503,0.19342327232962836,0.11185680922236432,0.11185680922236432,0.11185680922236432
/home/rjb255/researchProject/researchProject/data/big/qsar_data/CHEMBL2543.csv,0.6546480644046305,0.4810471058899554,0.4491516834957228,0.44353604760858845,0.4153846829475061
/home/rjb255/researchProject/researchProject/data/big/qsar_data/CHEMBL4980.csv,2.9441957488731387,3.288635880498992,1.9368424121397425,1.7450756768217552,2.0672795300631974
/home/rjb255/researchProject/researchProject/data/big/qsar_data/CHEMBL3194.csv,0.36841871425639605,0.4151731714477739,0.16391660116792522,0.16391660116792522,0.16391660116792522
/home/rjb255/researchProject/researchProject/data/big/qsar_data/CHEMBL4901.csv,0.6254352034420237,0.5759699954539002,0.5426621093396945,0.38888058766509487,0.3323579497397082
/home/rjb255/researchProject/researchProject/data/big/qsar_data/CHEMBL1873.csv,0.939378994065308,0.9111012318249394,0.7776591480162116,0.7993995315388189,0.7352066031281796
/home/rjb255/researchProject/researchProject/data/big/qsar_data/CHEMBL4338.csv,2.499329940093594,2.642672212469738,1.8685235906008497,1.3995695480862813,0.9394336407073782
/home/rjb255/researchProject/researchProject/data/big/qsar_data/CHEMBL6197.csv,0.7249922844046774,0.4472769656491743,0.41318806691544485,0.41461669818849856,0.41461669818849856
/home/rjb255/researchProject/researchProject/data/big/qsar_data/CHEMBL1795126.csv,0.8623543806585704,0.5681081815503932,0.325963393891252,0.23350091913156648,0.11441989655725653
/home/rjb255/researchProject/researchProject/data/big/qsar_data/CHEMBL1898.csv,1.6412653272120659,1.4186195308993308,1.2460843167984987,1.1748489637927004,1.0690350403469535
/home/rjb255/researchProject/researchProject/data/big/qsar_data/CHEMBL1825.csv,0.5785002878105557,0.6076299550455176,0.5099252015416668,0.4300371002062574,0.39008433024813977
/home/rjb255/researchProject/researchProject/data/big/qsar_data/CHEMBL1075257.csv,0.39316300547179733,0.3363410351691721,0.31709939899221773,0.2933905451330714,0.2848156913503865
/home/rjb255/researchProject/researchProject/data/big/qsar_data/CHEMBL5113.csv,2.6480737094438096,1.632620708123706,1.147326665746891,1.06129427820908,1.0257913719543792
/home/rjb255/researchProject/researchProject/data/big/qsar_data/CHEMBL3717.csv,1.4830699162942975,1.390751135017007,1.407206178677154,1.2222504542679071,1.0987087396496833
/home/rjb255/researchProject/researchProject/data/big/qsar_data/CHEMBL2001.csv,1.584606782423117,1.566101254930404,1.2577606464152837,1.1338507746987014,1.1033666991532611
/home/rjb255/researchProject/researchProject/data/big/qsar_data/CHEMBL3980.csv,0.9440073622701447,0.620708098369851,0.6101316973486122,0.5206363448911526,0.5206363448911526
/home/rjb255/researchProject/researchProject/data/big/qsar_data/CHEMBL4959.csv,3.414326532037725,4.778500255037756,0.21271837366197374,0.21271837366197374,0.21271837366197374
/home/rjb255/researchProject/researchProject/data/big/qsar_data/CHEMBL1649059.csv,0.12460465562261759,0.04015213280946646,0.029499578842187714,0.018634495342982622,0.018634495342982622
/home/rjb255/researchProject/researchProject/data/big/qsar_data/CHEMBL2109241.csv,0.5412594923325362,0.14645820589136613,0.14645820589136613,0.14645820589136613,0.14645820589136613
/home/rjb255/researchProject/researchProject/data/big/qsar_data/CHEMBL5724.csv,0.1638158154903649,0.16007397415650915,0.16007397415650915,0.16007397415650915,0.16007397415650915
/home/rjb255/researchProject/researchProject/data/big/qsar_data/CHEMBL3286.csv,1.2659415021227487,1.3673510109497748,1.4272829414345385,1.4515207889193917,0.9929767297133909
/home/rjb255/researchProject/researchProject/data/big/qsar_data/CHEMBL2021745.csv,0.12274854153927148,0.06595045284628596,0.06595045284628596,0.06595045284628596,0.06595045284628596
/home/rjb255/researchProject/researchProject/data/big/qsar_data/CHEMBL4729.csv,0.28259408780386186,0.2883787307994371,0.20417584879113213,0.18414055836384816,0.11594321732363556
/home/rjb255/researchProject/researchProject/data/big/qsar_data/CHEMBL4461.csv,1.2744997599583732,0.5698963351541809,0.24560131328504667,0.24560131328504667,0.24560131328504667
/home/rjb255/researchProject/researchProject/data/big/qsar_data/CHEMBL3145.csv,1.484809364439325,1.3685207549122387,1.4066405152771373,1.4586001793927794,1.2069426585401586
/home/rjb255/researchProject/researchProject/data/big/qsar_data/CHEMBL5508.csv,0.8235714667737875,0.9040550265625827,0.8594949910162738,0.5627605781405354,0.502378310969767
/home/rjb255/researchProject/researchProject/data/big/qsar_data/CHEMBL3223.csv,1.7153359951079765,1.0291763491260868,0.9341358755810645,0.8355143356166052,0.775605970830246
/home/rjb255/researchProject/researchProject/data/big/qsar_data/CHEMBL5659.csv,0.5189556504808635,0.3811218858044438,0.17312474267060976,0.0981632223156383,0.0981632223156383
/home/rjb255/researchProject/researchProject/data/big/qsar_data/CHEMBL3229.csv,3.1259459727289456,2.0842921587909435,1.6963447889286611,1.6661815511483264,1.6066400095382507
/home/rjb255/researchProject/researchProject/data/big/qsar_data/CHEMBL1075228.csv,1.5890910463346966,1.363818033556499,0.8547561832736223,0.534866372318197,0.4243727048344545
/home/rjb255/researchProject/researchProject/data/big/qsar_data/CHEMBL3359.csv,0.8359696032623158,0.5468467229450664,0.5583319268965399,0.5130265428357835,0.46733505106430406
/home/rjb255/researchProject/researchProject/data/big/qsar_data/CHEMBL4108.csv,0.6068931717247054,0.26641666620019067,0.26641666620019067,0.26641666620019067,0.26641666620019067
/home/rjb255/researchProject/researchProject/data/big/qsar_data/CHEMBL5198.csv,1.1815541975234833,0.9759667475193637,0.5119094816644305,0.2985195735809121,0.2985195735809121
/home/rjb255/researchProject/researchProject/data/big/qsar_data/CHEMBL2029198.csv,0.2947637383013622,0.11380754267376457,0.11380754267376457,0.11380754267376457,0.11380754267376457
/home/rjb255/researchProject/researchProject/data/big/qsar_data/CHEMBL1075111.csv,0.9267677660584693,0.8550221279379655,0.8550221279379655,0.8550221279379655,0.8550221279379655
/home/rjb255/researchProject/researchProject/data/big/qsar_data/CHEMBL1163126.csv,1.3114514839381874,0.9975395472898824,0.5424209860538022,0.5028132943518145,0.5028132943518145
/home/rjb255/researchProject/researchProject/data/big/qsar_data/CHEMBL3151.csv,0.5447164680237554,0.47885590240670844,0.36394508875901926,0.3317160116680006,0.30491161849455845
/home/rjb255/researchProject/researchProject/data/big/qsar_data/CHEMBL2116.csv,0.7216644133063885,0.4117107888801836,0.21186236068419562,0.07378011684233109,0.07378011684233109
/home/rjb255/researchProject/researchProject/data/big/qsar_data/CHEMBL5600.csv,0.4393667690861722,0.49524775551435324,0.41402435636194873,0.40392308832100937,0.4022166253029934
/home/rjb255/researchProject/researchProject/data/big/qsar_data/CHEMBL5275.csv,0.19684577953821203,0.19993256749654817,0.19468710422944208,0.14962499061122422,0.14962499061122422
/home/rjb255/researchProject/researchProject/data/big/qsar_data/CHEMBL1783.csv,1.4672713406549338,0.36652219261498437,0.36652219261498437,0.36652219261498437,0.36652219261498437
/home/rjb255/researchProject/researchProject/data/big/qsar_data/CHEMBL4899.csv,1.2059486616114972,1.3428936474947564,1.028466807701478,0.9515233540619711,0.8030793527940371
/home/rjb255/researchProject/researchProject/data/big/qsar_data/CHEMBL4010.csv,0.3142040554672629,0.10953429371372397,0.10953429371372397,0.10953429371372397,0.10953429371372397
/home/rjb255/researchProject/researchProject/data/big/qsar_data/CHEMBL1293286.csv,0.09677240180745049,0.09182969152411918,0.09289397179760496,0.09484770160399827,0.08267064824911992
/home/rjb255/researchProject/researchProject/data/big/qsar_data/CHEMBL1984.csv,0.44557886183391676,0.09791019322557361,0.09791019322557361,0.09791019322557361,0.09791019322557361
/home/rjb255/researchProject/researchProject/data/big/qsar_data/CHEMBL3842.csv,0.7302253442408839,0.44654634074258687,0.44654634074258687,0.44654634074258687,0.44654634074258687
/home/rjb255/researchProject/researchProject/data/big/qsar_data/CHEMBL5467.csv,0.33585620865448396,0.15879307806049203,0.11521834367351484,0.06094891693296175,0.06094891693296175
/home/rjb255/researchProject/researchProject/data/big/qsar_data/CHEMBL3994.csv,0.819909308222268,0.6954730571040304,0.1679191515824731,0.1679191515824731,0.1679191515824731
/home/rjb255/researchProject/researchProject/data/big/qsar_data/CHEMBL4091.csv,0.5852682108731393,0.14626879082170416,0.14626879082170416,0.14626879082170416,0.14626879082170416
/home/rjb255/researchProject/researchProject/data/big/qsar_data/CHEMBL2094111.csv,0.857685723734365,0.8691003450353788,0.5083312514710344,0.25721029246701693,0.13521350149270606
/home/rjb255/researchProject/researchProject/data/big/qsar_data/CHEMBL2095184.csv,1.05952140658959,1.3387102232629633,0.8244790620413072,0.7779852425576013,0.5999470175970509
/home/rjb255/researchProject/researchProject/data/big/qsar_data/CHEMBL5205.csv,0.6478893409333369,0.13923439916904032,0.13923439916904032,0.13923439916904032,0.13923439916904032
/home/rjb255/researchProject/researchProject/data/big/qsar_data/CHEMBL5784.csv,1.1863466504763012,0.8733450906198402,0.7151910428243909,0.5989180866680227,0.16707454614817044
/home/rjb255/researchProject/researchProject/data/big/qsar_data/CHEMBL4644.csv,1.119948938915173,1.3200440494784298,1.646836882533702,1.2952347871676626,1.134824531641595
/home/rjb255/researchProject/researchProject/data/big/qsar_data/CHEMBL2231.csv,0.9566463478411178,0.4421685788282378,0.3188399534628041,0.17057550111816505,0.13307009716068313
/home/rjb255/researchProject/researchProject/data/big/qsar_data/CHEMBL2334.csv,4.568936250459097,3.7656936821493354,1.8387168958874716,2.0956386396094295,1.925960185533778
/home/rjb255/researchProject/researchProject/data/big/qsar_data/CHEMBL1075140.csv,0.550209138967261,0.6285678513710947,0.4816952782896589,0.41851921921451385,0.27710351064492716
/home/rjb255/researchProject/researchProject/data/big/qsar_data/CHEMBL1744522.csv,0.5281445132753798,0.3042331542312046,0.3042331542312046,0.3042331542312046,0.3042331542312046
/home/rjb255/researchProject/researchProject/data/big/qsar_data/CHEMBL2111289.csv,1.0026737363975222,0.7317201034667318,0.46182344715314605,0.46182344715314605,0.46182344715314605
/home/rjb255/researchProject/researchProject/data/big/qsar_data/CHEMBL3873.csv,0.0731926412285815,0.04387073676235295,0.04387073676235295,0.04387073676235295,0.04387073676235295
/home/rjb255/researchProject/researchProject/data/big/qsar_data/CHEMBL2633.csv,0.647295796561436,0.25318093896363175,0.25318093896363175,0.25318093896363175,0.25318093896363175
/home/rjb255/researchProject/researchProject/data/big/qsar_data/CHEMBL2669.csv,5.07535379886927,0.8611861984409832,0.8611861984409832,0.8611861984409832,0.8611861984409832
/home/rjb255/researchProject/researchProject/data/big/qsar_data/CHEMBL1275212.csv,0.7742246733761021,0.5618716525429104,0.46953566180479867,0.2665249047392454,0.21924961605932894
/home/rjb255/researchProject/researchProject/data/big/qsar_data/CHEMBL4524.csv,0.6245797690622436,0.33736155691195446,0.397685915184842,0.33091130974523236,0.33091130974523236
/home/rjb255/researchProject/researchProject/data/big/qsar_data/CHEMBL2111421.csv,0.4267267516774702,0.3535426329293491,0.21675592679617628,0.21675592679617628,0.21675592679617628
/home/rjb255/researchProject/researchProject/data/big/qsar_data/CHEMBL4222.csv,0.45125822033883894,0.38216940723626874,0.17110398261090276,0.17110398261090276,0.17110398261090276
/home/rjb255/researchProject/researchProject/data/big/qsar_data/CHEMBL4613.csv,1.0494445854481511,0.5051429251335775,0.2956875725966202,0.2956875725966202,0.2956875725966202
/home/rjb255/researchProject/researchProject/data/big/qsar_data/CHEMBL4999.csv,0.09959354302362161,0.08335138985275953,0.052030395730280045,0.04353191300692383,0.029630294487315665
/home/rjb255/researchProject/researchProject/data/big/qsar_data/CHEMBL1250417.csv,0.9130875440142261,0.42031557541100334,0.42031557541100334,0.42031557541100334,0.42031557541100334
/home/rjb255/researchProject/researchProject/data/big/qsar_data/CHEMBL4652.csv,1.2268096516211908,1.174910964871393,0.960751708834646,0.8817609124207129,0.6105111427994606
/home/rjb255/researchProject/researchProject/data/big/qsar_data/CHEMBL6068.csv,0.7245416999438774,1.0117909775569933,1.0117909775569933,1.0117909775569933,1.0117909775569933
/home/rjb255/researchProject/researchProject/data/big/qsar_data/CHEMBL4327.csv,0.7864401153118906,0.5161014414774554,0.20958166406757886,0.20958166406757886,0.20958166406757886
/home/rjb255/researchProject/researchProject/data/big/qsar_data/CHEMBL4983.csv,1.240109267179506,0.664789918646276,0.4924717224722501,0.4924717224722501,0.4924717224722501
/home/rjb255/researchProject/researchProject/data/big/qsar_data/CHEMBL2095160.csv,1.4009518206958815,1.2649515911689413,1.5067857575190324,1.3096153390694891,0.7860146993462279
/home/rjb255/researchProject/researchProject/data/big/qsar_data/CHEMBL4730.csv,1.1010810988571351,0.7718417998257147,0.5216791130378763,0.5216791130378763,0.5216791130378763
/home/rjb255/researchProject/researchProject/data/big/qsar_data/CHEMBL2998.csv,1.3966353635461375,1.129021547239174,0.6609782903833848,0.35802771541089395,0.35802771541089395
/home/rjb255/researchProject/researchProject/data/big/qsar_data/CHEMBL5931.csv,0.8083574917855199,0.6346548414406847,0.6346548414406847,0.6346548414406847,0.6346548414406847
/home/rjb255/researchProject/researchProject/data/big/qsar_data/CHEMBL2028.csv,1.168675537746152,1.043000137215911,1.033412720943584,0.9020641261777368,0.9223430216163948
/home/rjb255/researchProject/researchProject/data/big/qsar_data/CHEMBL1075133.csv,0.8277152886088742,0.7994110454958447,0.13146370252676373,0.0480861544539369,0.0480861544539369
/home/rjb255/researchProject/researchProject/data/big/qsar_data/CHEMBL1994.csv,0.7149075824235123,0.7526573534483322,0.6684975542428632,0.6873177815317132,0.6341351542962126
/home/rjb255/researchProject/researchProject/data/big/qsar_data/CHEMBL2094267.csv,1.4247401358052636,1.4920724258078113,1.5180135536677437,1.7042411399699868,1.2880400520722843
/home/rjb255/researchProject/researchProject/data/big/qsar_data/CHEMBL3636.csv,1.9281299157613108,1.6294752235646188,1.0980452737801778,1.0159857740206537,0.2631022436883408
/home/rjb255/researchProject/researchProject/data/big/qsar_data/CHEMBL5627.csv,1.1692084380678982,1.0664853750983763,0.8300589348461233,0.8675993945844205,0.8947258274321305
/home/rjb255/researchProject/researchProject/data/big/qsar_data/CHEMBL3195.csv,0.2845737544100206,0.18367187619568967,0.18367187619568967,0.18367187619568967,0.18367187619568967
/home/rjb255/researchProject/researchProject/data/big/qsar_data/CHEMBL5359.csv,0.12410471338550996,0.11795547526422896,0.05185782820284844,0.05185782820284844,0.05185782820284844
/home/rjb255/researchProject/researchProject/data/big/qsar_data/CHEMBL3198.csv,1.7223258458499433,2.4197664417150584,1.3804932605464153,1.205441703004842,1.1947793256354795
/home/rjb255/researchProject/researchProject/data/big/qsar_data/CHEMBL4188.csv,0.7690255901066703,0.7158721076339956,0.61974109561642,0.4654086570832938,0.3619250656114002
/home/rjb255/researchProject/researchProject/data/big/qsar_data/CHEMBL4715.csv,0.8115949581829509,0.24264193645792625,0.17991889773267133,0.1481714658726646,0.08083019353531429
/home/rjb255/researchProject/researchProject/data/big/qsar_data/CHEMBL4526.csv,0.8704564721411807,0.6038609463924189,0.45752709131818403,0.40165285357802755,0.40165285357802755
/home/rjb255/researchProject/researchProject/data/big/qsar_data/CHEMBL2569.csv,0.752265444124023,0.7048263349316501,0.5691491947484554,0.23672742176262046,0.1812224743720368
/home/rjb255/researchProject/researchProject/data/big/qsar_data/CHEMBL4640.csv,2.1377169579422883,0.3027425286709379,0.1332041028112487,0.1332041028112487,0.1332041028112487
/home/rjb255/researchProject/researchProject/data/big/qsar_data/CHEMBL1293245.csv,0.18415760673815454,0.14650555652535235,0.13774388194572992,0.1093145579231607,0.10272524135266908
/home/rjb255/researchProject/researchProject/data/big/qsar_data/CHEMBL3656.csv,1.5946163496472274,0.8517167866877369,0.3599339220067668,0.27285930984457457,0.16499936498914958
/home/rjb255/researchProject/researchProject/data/big/qsar_data/CHEMBL2094134.csv,0.4329981634993596,0.5281173757393511,0.5611572937680485,0.49103178005190956,0.3532383019568293
/home/rjb255/researchProject/researchProject/data/big/qsar_data/CHEMBL6054.csv,0.12096214233617153,0.0748498907050008,0.04100978122753,0.0475004380912469,0.0475004380912469
/home/rjb255/researchProject/researchProject/data/big/qsar_data/CHEMBL1293240.csv,0.20369064160507155,0.1582088197433011,0.14157983043125658,0.10199382362577,0.10199382362577
/home/rjb255/researchProject/researchProject/data/big/qsar_data/CHEMBL4677.csv,1.1862547571500663,0.2208479599604371,0.08147550269063841,0.08147550269063841,0.08147550269063841
/home/rjb255/researchProject/researchProject/data/big/qsar_data/CHEMBL4202.csv,1.1016750016846373,1.242303523024698,0.989268798771881,0.8262925450425421,0.6931005316845485
/home/rjb255/researchProject/researchProject/data/big/qsar_data/CHEMBL2095231.csv,1.8127895404652132,1.7579373635540687,0.9905668807923504,0.9280700577073859,0.9940868396771988
/home/rjb255/researchProject/researchProject/data/big/qsar_data/CHEMBL3114.csv,1.0247260722093479,0.757109200670877,0.5592902286076445,0.4196895042038012,0.37600732747787724
/home/rjb255/researchProject/researchProject/data/big/qsar_data/CHEMBL2835.csv,1.288829738257949,1.063912264207455,0.9930470132904977,0.9191457733319409,0.8105406336420178
/home/rjb255/researchProject/researchProject/data/big/qsar_data/CHEMBL4851.csv,0.1604439255161334,0.0747430096099848,0.06250474869225997,0.03241459494549922,0.03241459494549922
/home/rjb255/researchProject/researchProject/data/big/qsar_data/CHEMBL4376.csv,0.48561683250515275,0.49531951773240185,0.41461922873275087,0.28647793174565134,0.2222162489033752
/home/rjb255/researchProject/researchProject/data/big/qsar_data/CHEMBL2934.csv,0.41175757983596434,0.19621793988792222,0.19621793988792222,0.19621793988792222,0.19621793988792222
/home/rjb255/researchProject/researchProject/data/big/qsar_data/CHEMBL2096622.csv,0.6891339758657243,0.3949187568211097,0.27451285842929296,0.18115995653516126,0.15427822623361864
/home/rjb255/researchProject/researchProject/data/big/qsar_data/CHEMBL3176.csv,4.561573369360371,4.070636892780447,0.4384651079485848,0.2675187671159993,0.2239094105411454
/home/rjb255/researchProject/researchProject/data/big/qsar_data/CHEMBL2322.csv,2.1651374848029272,2.281348646601242,2.100695733927089,0.5305361409817744,0.36317915468040995
/home/rjb255/researchProject/researchProject/data/big/qsar_data/CHEMBL1800.csv,1.2834533674996857,1.3039571958613707,1.0905157045354843,1.1314505044394694,0.951434510498696
/home/rjb255/researchProject/researchProject/data/big/qsar_data/CHEMBL2007629.csv,0.16606607922004168,0.1582627539382219,0.1573149020727969,0.1490485785006422,0.14623851441574118
/home/rjb255/researchProject/researchProject/data/big/qsar_data/CHEMBL1075282.csv,0.2845128437425547,0.15406496638342745,0.15406496638342745,0.15406496638342745,0.15406496638342745
/home/rjb255/researchProject/researchProject/data/big/qsar_data/CHEMBL2094115.csv,1.7346351874065549,1.611433158272693,1.482874421024766,1.246023210969261,1.0047609332557768
/home/rjb255/researchProject/researchProject/data/big/qsar_data/CHEMBL5419.csv,1.6985403281989992,0.6124274553220359,0.393832942074665,0.393832942074665,0.393832942074665
/home/rjb255/researchProject/researchProject/data/big/qsar_data/CHEMBL1971.csv,0.4853374340302636,0.2956888986718834,0.18200185470148728,0.18200185470148728,0.18200185470148728
/home/rjb255/researchProject/researchProject/data/big/qsar_data/CHEMBL1293267.csv,0.574060411185578,0.6117621354547839,0.38831954400245755,0.35080092346210834,0.3150089296360349
/home/rjb255/researchProject/researchProject/data/big/qsar_data/CHEMBL4135.csv,1.0008990419132964,0.7360419651201033,0.8224558037213971,0.5828252323943266,0.31483562101149676
/home/rjb255/researchProject/researchProject/data/big/qsar_data/CHEMBL3439.csv,0.7226335931895272,0.588166685276227,0.47273954546118274,0.47273954546118274,0.47273954546118274
/home/rjb255/researchProject/researchProject/data/big/qsar_data/CHEMBL4625.csv,1.5385635291569586,1.5449516823879779,1.495281080434006,1.1670411954288895,0.8663685438714352
/home/rjb255/researchProject/researchProject/data/big/qsar_data/CHEMBL4550.csv,1.63782173619234,1.4711981079454584,1.1479916981365827,1.0296602371847123,0.7584092697307674
/home/rjb255/researchProject/researchProject/data/big/qsar_data/CHEMBL3066.csv,1.7458537519052366,1.4723474284954812,1.44060777699844,0.9731080396504017,0.9713861897350813
/home/rjb255/researchProject/researchProject/data/big/qsar_data/CHEMBL4425.csv,0.3070491378563243,0.30612899662314963,0.30612899662314963,0.30612899662314963,0.30612899662314963
/home/rjb255/researchProject/researchProject/data/big/qsar_data/CHEMBL2490.csv,1.4283734781468198,1.4540428395277534,0.17898816888102675,0.12861497212566086,0.10308295995945739
/home/rjb255/researchProject/researchProject/data/big/qsar_data/CHEMBL2111432.csv,0.3784276376157929,0.17318848329014902,0.17318848329014902,0.17318848329014902,0.17318848329014902
/home/rjb255/researchProject/researchProject/data/big/qsar_data/CHEMBL3226.csv,0.947933744204314,0.3093156570531058,0.3093156570531058,0.3093156570531058,0.3093156570531058
/home/rjb255/researchProject/researchProject/data/big/qsar_data/CHEMBL1075155.csv,0.2448610095299791,0.26237150861362213,0.14239741154165897,0.08533244140878625,0.08533244140878625
/home/rjb255/researchProject/researchProject/data/big/qsar_data/CHEMBL265.csv,1.6500067304755308,1.4629109640513394,1.436424168560932,1.2524429735494234,1.0138623048487778
/home/rjb255/researchProject/researchProject/data/big/qsar_data/CHEMBL3510.csv,1.832400834146533,0.8736049990311108,0.8179511841120074,0.7910795884581967,0.8567949223198481
/home/rjb255/researchProject/researchProject/data/big/qsar_data/CHEMBL4489.csv,3.1050663379081627,2.980130672393605,1.896294222353996,1.4963907801788672,1.0703661684287749
/home/rjb255/researchProject/researchProject/data/big/qsar_data/CHEMBL4972.csv,1.2890067141494688,0.2848430329351744,0.2848430329351744,0.2848430329351744,0.2848430329351744
/home/rjb255/researchProject/researchProject/data/big/qsar_data/CHEMBL2567.csv,0.1974518616793964,0.18396375940296208,0.13174873382693386,0.1302760551472481,0.08210628222695929
/home/rjb255/researchProject/researchProject/data/big/qsar_data/CHEMBL2919.csv,2.5696223029039453,1.8844475502110463,1.9642057071854369,1.3525444620959644,0.9250762067310045
/home/rjb255/researchProject/researchProject/data/big/qsar_data/CHEMBL3569.csv,0.6068913720004226,0.12205888038982192,0.12205888038982192,0.12205888038982192,0.12205888038982192
/home/rjb255/researchProject/researchProject/data/big/qsar_data/CHEMBL5604.csv,0.5004387169490562,0.4902611159715596,0.3633565048721262,0.2575399054987776,0.17242574926007917
/home/rjb255/researchProject/researchProject/data/big/qsar_data/CHEMBL4472.csv,0.4838670234393984,0.46021029412935505,0.4733896234855089,0.25547184193596656,0.13018153795778217
/home/rjb255/researchProject/researchProject/data/big/qsar_data/CHEMBL2111366.csv,0.36623951030730895,0.23776843731254604,0.23776843731254604,0.23776843731254604,0.23776843731254604
/home/rjb255/researchProject/researchProject/data/big/qsar_data/CHEMBL4954.csv,1.7768116430854253,1.7754537999533624,1.5219497862343632,1.4371771833150953,0.859120119876395
/home/rjb255/researchProject/researchProject/data/big/qsar_data/CHEMBL1075246.csv,0.27532649328362413,0.0792981732954527,0.0792981732954527,0.0792981732954527,0.0792981732954527
/home/rjb255/researchProject/researchProject/data/big/qsar_data/CHEMBL5808.csv,0.3847829157635206,0.19451531299187214,0.12438939897579052,0.0723196220395563,0.0723196220395563
/home/rjb255/researchProject/researchProject/data/big/qsar_data/CHEMBL2095164.csv,1.5654212652452817,1.7138637872711502,1.2926111765741253,1.0050010075786158,0.9769693709404406
/home/rjb255/researchProject/researchProject/data/big/qsar_data/CHEMBL4767.csv,1.7535229403915016,1.8869270489797543,1.302828553942312,0.9370662909449675,0.8055636015975107
/home/rjb255/researchProject/researchProject/data/big/qsar_data/CHEMBL301.csv,2.252816041437939,2.2301548235089883,1.9803156265611261,1.8193232951269918,1.9136351167059582
/home/rjb255/researchProject/researchProject/data/big/qsar_data/CHEMBL2676.csv,0.8297122077919207,0.5399916094399685,0.33794630545544696,0.22311319875889937,0.22311319875889937
/home/rjb255/researchProject/researchProject/data/big/qsar_data/CHEMBL5387.csv,0.8630265405582559,0.7453697226537107,0.6626344149161131,0.49815341713109923,0.3369071500005844
/home/rjb255/researchProject/researchProject/data/big/qsar_data/CHEMBL2095161.csv,0.08436887430052417,0.07350843673181157,0.0695914854825353,0.06781118152709958,0.0707568178533663
/home/rjb255/researchProject/researchProject/data/big/qsar_data/CHEMBL612444.csv,0.5532175933880283,0.491087705691372,0.035763554354723365,0.035763554354723365,0.035763554354723365
/home/rjb255/researchProject/researchProject/data/big/qsar_data/CHEMBL1782.csv,1.2421651044707849,1.1634243868134626,1.0197773589101067,0.7758914767648974,0.5806616300584688
/home/rjb255/researchProject/researchProject/data/big/qsar_data/CHEMBL2577.csv,1.1699895462128067,0.8675687866474008,0.7653181524256961,0.7068430593808441,0.40386437868984537
/home/rjb255/researchProject/researchProject/data/big/qsar_data/CHEMBL270.csv,1.5437435879149677,1.5362273317986705,1.660231110776623,1.5020354833309721,1.574287477903473
/home/rjb255/researchProject/researchProject/data/big/qsar_data/CHEMBL3548.csv,3.2025268062016368,2.0336334754703427,1.2022760064501317,0.8663167045359479,0.8663167045359479
/home/rjb255/researchProject/researchProject/data/big/qsar_data/CHEMBL5158.csv,0.6692206318033599,0.3580984044233082,0.31647679099094594,0.21210109122069193,0.21210109122069193
/home/rjb255/researchProject/researchProject/data/big/qsar_data/CHEMBL4309.csv,0.42031469358007717,0.29122323172772113,0.2539678409265706,0.20234139811158966,0.08457915924442512
/home/rjb255/researchProject/researchProject/data/big/qsar_data/CHEMBL4102.csv,1.9999696669915723,2.2860942200145193,2.2576900245628573,1.444036961468349,1.064758066118814
/home/rjb255/researchProject/researchProject/data/big/qsar_data/CHEMBL5891.csv,0.46295469030062764,0.3352925240347566,0.19734118284559707,0.19734118284559707,0.19734118284559707
/home/rjb255/researchProject/researchProject/data/big/qsar_data/CHEMBL1293264.csv,0.05631454576368081,0.05652373934221953,0.055158878671131194,0.05138665260627934,0.04913062846831605
/home/rjb255/researchProject/researchProject/data/big/qsar_data/CHEMBL4598.csv,1.403381059610854,1.1370307965364113,0.9628426140543273,0.29878497841515145,0.29878497841515145
/home/rjb255/researchProject/researchProject/data/big/qsar_data/CHEMBL5017.csv,2.460330772892489,1.4355801045789078,0.9735001791429995,0.8714100925366493,0.48203329602560835
/home/rjb255/researchProject/researchProject/data/big/qsar_data/CHEMBL6137.csv,1.3083240386938613,1.4627851535052943,1.025468048269391,0.962257916725043,0.8634799387838664
/home/rjb255/researchProject/researchProject/data/big/qsar_data/CHEMBL3945.csv,2.199704269223451,0.8069400223582369,0.8069400223582369,0.8069400223582369,0.8069400223582369
/home/rjb255/researchProject/researchProject/data/big/qsar_data/CHEMBL1849.csv,1.4189022656631323,0.8997435906950564,0.7847289414448457,0.688706967449121,0.4450112197338767
/home/rjb255/researchProject/researchProject/data/big/qsar_data/CHEMBL5831.csv,1.02063994314331,0.5020844212264772,0.5020844212264772,0.5020844212264772,0.5020844212264772
/home/rjb255/researchProject/researchProject/data/big/qsar_data/CHEMBL1075115.csv,0.20549493740093838,0.17891384613148306,0.1803379757322534,0.17276430843955592,0.17347714046850685
/home/rjb255/researchProject/researchProject/data/big/qsar_data/CHEMBL2094128.csv,1.5621017353277586,1.7179026390567267,1.5710813370842576,1.3297325525033226,1.2768967140156
/home/rjb255/researchProject/researchProject/data/big/qsar_data/CHEMBL2128.csv,2.697463624640064,1.6853849906719787,1.7871106786477187,1.5692539662299227,0.41971590424871336
/home/rjb255/researchProject/researchProject/data/big/qsar_data/CHEMBL3490.csv,0.34305417004687005,0.28519526789059935,0.2821395230335224,0.19480477449437883,0.14981392090178422
/home/rjb255/researchProject/researchProject/data/big/qsar_data/CHEMBL3513.csv,1.8311282553344403,0.6216390808985858,0.44995964409932887,0.2995858380670186,0.2995858380670186
/home/rjb255/researchProject/researchProject/data/big/qsar_data/CHEMBL3094.csv,0.1549178085900836,0.15152952003702114,0.12797466407014366,0.130893168260484,0.12621958786597745
/home/rjb255/researchProject/researchProject/data/big/qsar_data/CHEMBL3295.csv,2.76721745940652,0.917587766047176,0.917587766047176,0.917587766047176,0.917587766047176
/home/rjb255/researchProject/researchProject/data/big/qsar_data/CHEMBL3833.csv,0.7966726947139665,0.4529971526326446,0.2742152913063425,0.21944420738765497,0.13678181025376202
/home/rjb255/researchProject/researchProject/data/big/qsar_data/CHEMBL5652.csv,1.5101284015501784,1.2234037949213028,1.0701720697942572,0.8431223801989729,0.7945071078336793
/home/rjb255/researchProject/researchProject/data/big/qsar_data/CHEMBL3521.csv,0.5422609080601996,0.381563168705675,0.18780300071187778,0.1578628540756793,0.11378781717576725
/home/rjb255/researchProject/researchProject/data/big/qsar_data/CHEMBL2854.csv,1.4621831238304703,1.405072189193124,1.2883492397538212,1.1071793816435025,0.9580002128373536
/home/rjb255/researchProject/researchProject/data/big/qsar_data/CHEMBL4142.csv,1.682716112529091,1.1171102509119892,1.0998594571446019,0.8061583575627581,0.6159828858559784
/home/rjb255/researchProject/researchProject/data/big/qsar_data/CHEMBL5573.csv,0.2849591792444011,0.2845399045718161,0.26813088806400565,0.2511579412429359,0.2475765842851711
/home/rjb255/researchProject/researchProject/data/big/qsar_data/CHEMBL4917.csv,0.30437723847352466,0.14429703790265386,0.14429703790265386,0.14429703790265386,0.14429703790265386
/home/rjb255/researchProject/researchProject/data/big/qsar_data/CHEMBL2146307.csv,0.051274231648461774,0.03853205209887967,0.03282770325967542,0.02548849771109162,0.02548849771109162
/home/rjb255/researchProject/researchProject/data/big/qsar_data/CHEMBL4208.csv,0.5969206924945593,0.4756578736537664,0.4756578736537664,0.4756578736537664,0.4756578736537664
/home/rjb255/researchProject/researchProject/data/big/qsar_data/CHEMBL5441.csv,1.6954717949685814,1.4971461919524318,1.1679970844136742,1.1140564086646902,1.0099152146190915
/home/rjb255/researchProject/researchProject/data/big/qsar_data/CHEMBL266.csv,1.399630088736127,0.7484067247892058,0.4699204508938123,0.4699204508938123,0.4699204508938123
/home/rjb255/researchProject/researchProject/data/big/qsar_data/CHEMBL3138.csv,1.4548742152167398,1.2807396136721956,0.85010679246233,0.8894840625915954,0.8290579637432477
/home/rjb255/researchProject/researchProject/data/big/qsar_data/CHEMBL5914.csv,1.0987858072448236,1.0936322906998834,0.5738611331429708,0.2353530472239387,0.2353530472239387
/home/rjb255/researchProject/researchProject/data/big/qsar_data/CHEMBL1275223.csv,0.3969194123587618,0.11249906945183359,0.0940917543797399,0.0940917543797399,0.0940917543797399
/home/rjb255/researchProject/researchProject/data/big/qsar_data/CHEMBL1781862.csv,0.7885611629291452,0.5467466423969163,0.369882100784273,0.23573297658992862,0.16585625431973008
/home/rjb255/researchProject/researchProject/data/big/qsar_data/CHEMBL344.csv,1.444240009131656,1.4883904024905357,1.4406725538809173,1.2318264016084715,1.1886503106749613
/home/rjb255/researchProject/researchProject/data/big/qsar_data/CHEMBL3535.csv,1.1711418060892147,0.63730423239299,0.39944097595243633,0.36498930252376915,0.31086925687672146
/home/rjb255/researchProject/researchProject/data/big/qsar_data/CHEMBL5869.csv,0.16168109329951674,0.0596393083413528,0.03237426435601761,0.03237426435601761,0.03237426435601761
/home/rjb255/researchProject/researchProject/data/big/qsar_data/CHEMBL5524.csv,0.36867811963523967,0.30696197708539374,0.17805453616901942,0.17805453616901942,0.17805453616901942
/home/rjb255/researchProject/researchProject/data/big/qsar_data/CHEMBL1163108.csv,0.2789311787373173,0.23723351769858053,0.13128101501240097,0.09422761471842783,0.09422761471842783
/home/rjb255/researchProject/researchProject/data/big/qsar_data/CHEMBL1293319.csv,0.5326461037389097,0.42735735847998635,0.3567478227172908,0.3499196401169429,0.32509874080164464
/home/rjb255/researchProject/researchProject/data/big/qsar_data/CHEMBL2111435.csv,0.3579369499056429,0.10255899097065736,0.10255899097065736,0.10255899097065736,0.10255899097065736
/home/rjb255/researchProject/researchProject/data/big/qsar_data/CHEMBL1850.csv,1.9652614592719009,1.3730307809712445,1.1761360766566165,0.8642336578883123,0.8227441221541295
/home/rjb255/researchProject/researchProject/data/big/qsar_data/CHEMBL4039.csv,0.5917191007661179,0.3086261343582679,0.3086261343582679,0.3086261343582679,0.3086261343582679
/home/rjb255/researchProject/researchProject/data/big/qsar_data/CHEMBL4636.csv,1.1675379188894341,0.6432890046047273,0.6432890046047273,0.6432890046047273,0.6432890046047273
/home/rjb255/researchProject/researchProject/data/big/qsar_data/CHEMBL1697672.csv,0.1480109036775175,0.064307858636241,0.064307858636241,0.064307858636241,0.064307858636241
/home/rjb255/researchProject/researchProject/data/big/qsar_data/CHEMBL2872.csv,0.7685743781055832,0.676619928627393,0.4253463362896408,0.39151728419948106,0.3871996216938032
/home/rjb255/researchProject/researchProject/data/big/qsar_data/CHEMBL1075195.csv,0.5687325260202136,0.46025979225042013,0.30427460341791424,0.20111906356068718,0.20111906356068718
/home/rjb255/researchProject/researchProject/data/big/qsar_data/CHEMBL3778.csv,0.6478657047531591,0.7994786145958072,0.5721037458486132,0.46982947248234763,0.4361595166779501
/home/rjb255/researchProject/researchProject/data/big/qsar_data/CHEMBL6101.csv,0.6860337814388118,0.566116867267471,0.528764505012642,0.474093832844722,0.4620968575072522
/home/rjb255/researchProject/researchProject/data/big/qsar_data/CHEMBL5192.csv,1.0603719606614475,0.8873906605912797,0.8251829063926266,0.3608584081967572,0.36263552543027733
/home/rjb255/researchProject/researchProject/data/big/qsar_data/CHEMBL1743126.csv,0.5071807711675308,0.37095603748571826,0.1103764283288657,0.1103764283288657,0.1103764283288657
/home/rjb255/researchProject/researchProject/data/big/qsar_data/CHEMBL204.csv,4.112220586826296,4.207609602613482,6.630099577918709,3.7824560436090593,2.4648052342125784
/home/rjb255/researchProject/researchProject/data/big/qsar_data/CHEMBL4261.csv,0.9608458450372009,1.0081128210786388,0.6016906075401759,0.48448131552087637,0.401914840606473
/home/rjb255/researchProject/researchProject/data/big/qsar_data/CHEMBL5480.csv,0.35182316661016316,0.24897380021919327,0.19470263731269544,0.09339692981251292,0.09686575222120736
/home/rjb255/researchProject/researchProject/data/big/qsar_data/CHEMBL264.csv,2.372389039448119,1.8668353427096167,1.4044741882685212,1.209904757030157,1.2598165085133968
/home/rjb255/researchProject/researchProject/data/big/qsar_data/CHEMBL3392.csv,-5.158781088319142,2.6928287036078706,-1.997909000358983,-2.0633016954756633,-2.8138947212977357
/home/rjb255/researchProject/researchProject/data/big/qsar_data/CHEMBL302.csv,2.148315386970391,1.2857153211307042,1.4655394103183177,1.1311380562269346,1.0542133030536807
/home/rjb255/researchProject/researchProject/data/big/qsar_data/CHEMBL3938.csv,1.3792028447602693,0.8721771386277849,0.8541655685255732,0.5576519803263043,0.5576519803263043
/home/rjb255/researchProject/researchProject/data/big/qsar_data/CHEMBL5966.csv,0.8657372884498141,0.5635541133215489,0.2755339897908312,0.2418396816328325,0.21995070199572822
/home/rjb255/researchProject/researchProject/data/big/qsar_data/CHEMBL309.csv,1.8445526557130016,2.051807511543716,2.879855315690927,1.4056057330117975,1.3051160791438496
/home/rjb255/researchProject/researchProject/data/big/qsar_data/CHEMBL2095204.csv,1.2010007145773958,1.0235506047126912,0.8596012499527841,0.5538563463020502,0.568766210305911
/home/rjb255/researchProject/researchProject/data/big/qsar_data/CHEMBL4956.csv,0.8176841754085736,0.5766855812353211,0.39710370860329275,0.39710370860329275,0.39710370860329275
/home/rjb255/researchProject/researchProject/data/big/qsar_data/CHEMBL1075307.csv,0.29960495809160187,0.3518470142629459,0.16123426688682752,0.12694860091904495,0.12694860091904495
/home/rjb255/researchProject/researchProject/data/big/qsar_data/CHEMBL3412.csv,0.5061200801781767,0.20591684987938258,0.20591684987938258,0.20591684987938258,0.20591684987938258
/home/rjb255/researchProject/researchProject/data/big/qsar_data/CHEMBL2253.csv,0.3754306341283814,0.11604758069506363,0.11266875155059249,0.08521320299220306,0.08521320299220306
/home/rjb255/researchProject/researchProject/data/big/qsar_data/CHEMBL5351.csv,0.7618688932759053,0.41166159603825264,0.18327192399078865,0.13904019685449742,0.13904019685449742
/home/rjb255/researchProject/researchProject/data/big/qsar_data/CHEMBL4779.csv,2.8616904169185213,1.678864175290274,0.8344004143771098,0.6080178110257549,0.5234443283715663
/home/rjb255/researchProject/researchProject/data/big/qsar_data/CHEMBL4878.csv,0.7440027116629556,0.5934318825362579,0.31172156106515514,0.20173772333604373,0.20173772333604373
/home/rjb255/researchProject/researchProject/data/big/qsar_data/CHEMBL1293251.csv,0.3489990907477069,0.35372903510933434,0.34577526050184787,0.3682095470393029,0.3617909809667763
/home/rjb255/researchProject/researchProject/data/big/qsar_data/CHEMBL4576.csv,0.9507179656913525,1.100160051043361,0.6278801116471655,0.5474631639014166,0.5345665866442264
/home/rjb255/researchProject/researchProject/data/big/qsar_data/CHEMBL5525.csv,0.9055775681559208,0.6462436949839543,0.43225510800181466,0.2659638065437811,0.22558808387173487
/home/rjb255/researchProject/researchProject/data/big/qsar_data/CHEMBL5668.csv,0.6142221990846943,0.31706768951837533,0.23103905116234824,0.17904813354186094,0.17904813354186094
/home/rjb255/researchProject/researchProject/data/big/qsar_data/CHEMBL2095189.csv,1.672650817085922,1.168976934880033,1.0825684205346096,0.9877845758586574,0.8862159434947704
/home/rjb255/researchProject/researchProject/data/big/qsar_data/CHEMBL3939.csv,0.3094897027334722,0.12733571897755067,0.12733571897755067,0.12733571897755067,0.12733571897755067
/home/rjb255/researchProject/researchProject/data/big/qsar_data/CHEMBL2113.csv,0.6953157961240113,0.6685425742638154,0.4355582120245847,0.4355582120245847,0.4355582120245847
/home/rjb255/researchProject/researchProject/data/big/qsar_data/CHEMBL4234.csv,1.1224752885901519,1.0172824694358427,0.9349755598295482,0.8891450058605126,0.5907127512963213
/home/rjb255/researchProject/researchProject/data/big/qsar_data/CHEMBL2095178.csv,1.7972627008100037,1.6211448335918053,1.158510296799087,1.2038437886170787,1.0986554140738836
/home/rjb255/researchProject/researchProject/data/big/qsar_data/CHEMBL5567.csv,1.649708002394817,1.038901661933612,1.1233867482702677,0.9509122600439793,0.8350978485435291
/home/rjb255/researchProject/researchProject/data/big/qsar_data/CHEMBL2632.csv,0.7966988837787542,0.5789649588787836,0.5030749828591949,0.4030296418424002,0.3640668152860901
/home/rjb255/researchProject/researchProject/data/big/qsar_data/CHEMBL1615381.csv,1.2654624649373813,0.7175141925723618,0.7175141925723618,0.7175141925723618,0.7175141925723618
/home/rjb255/researchProject/researchProject/data/big/qsar_data/CHEMBL3403.csv,1.2698859410928758,1.1742294584766781,0.7717659933115153,0.4423291797391042,0.2882880167427358
/home/rjb255/researchProject/researchProject/data/big/qsar_data/CHEMBL2688.csv,0.11544822578546655,0.08533334991353578,0.08563222007075659,0.06889444541113417,0.05672516148119906
/home/rjb255/researchProject/researchProject/data/big/qsar_data/CHEMBL2608.csv,0.5267157608606261,0.3928597102534436,0.3928597102534436,0.3928597102534436,0.3928597102534436
/home/rjb255/researchProject/researchProject/data/big/qsar_data/CHEMBL3313.csv,1.030591621401422,0.9024255949216009,0.5340904212147376,0.4760896952534706,0.36295617140346736
/home/rjb255/researchProject/researchProject/data/big/qsar_data/CHEMBL1741162.csv,0.2820228338859757,0.14485073912196356,0.11266339666448215,0.10359644099294045,0.09203787416919441
/home/rjb255/researchProject/researchProject/data/big/qsar_data/CHEMBL4620.csv,0.6236284136027076,0.6086184738206927,0.4045625455512075,0.38793292487022074,0.2598797424289481
/home/rjb255/researchProject/researchProject/data/big/qsar_data/CHEMBL4317.csv,2.016666854290693,1.1686540310152933,1.019923692240211,0.7794312429870836,0.6930759577149744
/home/rjb255/researchProject/researchProject/data/big/qsar_data/CHEMBL2096682.csv,0.6183916880000639,0.3347645232087811,0.2806207538362101,0.23226609412228796,0.18894128747295888
/home/rjb255/researchProject/researchProject/data/big/qsar_data/CHEMBL5270.csv,1.3410681695194284,0.1246071565408383,0.1246071565408383,0.1246071565408383,0.1246071565408383
/home/rjb255/researchProject/researchProject/data/big/qsar_data/CHEMBL1907606.csv,1.4658738489446401,0.5829233385160005,0.5829233385160005,0.5829233385160005,0.5829233385160005
/home/rjb255/researchProject/researchProject/data/big/qsar_data/CHEMBL2581.csv,1.4938174387203864,1.1447157658148053,1.036080750206222,0.9608230064652676,0.9412801359524414
/home/rjb255/researchProject/researchProject/data/big/qsar_data/CHEMBL1293239.csv,0.3781329852294589,0.4756379804222476,0.3402402875549382,0.2156202050844479,0.2265764944696786
/home/rjb255/researchProject/researchProject/data/big/qsar_data/CHEMBL3872.csv,1.1957444747711647,0.24224450476928833,0.10467427271968358,0.10467427271968358,0.10467427271968358
/home/rjb255/researchProject/researchProject/data/big/qsar_data/CHEMBL5414.csv,2.3357904004233654,2.528386683718239,1.251395506785931,1.0592228409444364,0.9294337131198281
/home/rjb255/researchProject/researchProject/data/big/qsar_data/CHEMBL5257.csv,0.29079357494588615,0.27596084407038085,0.1188283912960427,0.04908958576112495,0.04908958576112495
/home/rjb255/researchProject/researchProject/data/big/qsar_data/CHEMBL3242.csv,2.078120642957814,1.2516756567816942,0.8393366809806632,0.8468981659244645,0.8959672789708222
/home/rjb255/researchProject/researchProject/data/big/qsar_data/CHEMBL3241.csv,0.2266188931448005,0.05730439532957242,0.05730439532957242,0.05730439532957242,0.05730439532957242
/home/rjb255/researchProject/researchProject/data/big/qsar_data/CHEMBL252.csv,3.3692903484686227,3.055516189822046,3.113906935111764,2.76076298443477,2.5034722455969898
/home/rjb255/researchProject/researchProject/data/big/qsar_data/CHEMBL1955.csv,1.6809747703595492,1.564527807104369,1.4780404971941887,1.0865323286697313,0.9798955916845052
/home/rjb255/researchProject/researchProject/data/big/qsar_data/CHEMBL1795091.csv,0.692539405020029,0.1433481174419364,0.1433481174419364,0.1433481174419364,0.1433481174419364
/home/rjb255/researchProject/researchProject/data/big/qsar_data/CHEMBL3890.csv,1.7077173497027576,0.9970851917428253,0.601362489252308,0.5995600954916235,0.5469301865634053
/home/rjb255/researchProject/researchProject/data/big/qsar_data/CHEMBL1628470.csv,0.2147074849711652,0.10064519722080936,0.05463672597567877,0.036982805012772346,0.036982805012772346
/home/rjb255/researchProject/researchProject/data/big/qsar_data/CHEMBL3349.csv,1.2385865664837428,0.983905258140106,0.42433937072452627,0.28711533511925286,0.2053487279209046
/home/rjb255/researchProject/researchProject/data/big/qsar_data/CHEMBL5135.csv,1.6453080266556668,0.8621090029126071,0.6185343040821017,0.6185343040821017,0.6185343040821017
/home/rjb255/researchProject/researchProject/data/big/qsar_data/CHEMBL4454.csv,1.8989487124170363,1.590261991953293,1.1039759882863296,0.573169727884669,0.2961631398366482
/home/rjb255/researchProject/researchProject/data/big/qsar_data/CHEMBL4468.csv,1.1343919270542773,1.068029539463879,0.8276061263182654,0.5050037231558205,0.358813340666116
/home/rjb255/researchProject/researchProject/data/big/qsar_data/CHEMBL6005.csv,1.12115859454963,1.025648395309861,0.9333470918185812,0.5786281728458299,0.4752417420560721
/home/rjb255/researchProject/researchProject/data/big/qsar_data/CHEMBL3952.csv,2.638232623424596,3.609209233824978,2.3541919411850927,2.544805167305757,2.536878547810828
/home/rjb255/researchProject/researchProject/data/big/qsar_data/CHEMBL2850.csv,1.5758057579562956,1.213819335033218,1.056668249773924,1.1042306925118102,1.0896050799521544
/home/rjb255/researchProject/researchProject/data/big/qsar_data/CHEMBL1908389.csv,0.5420238903317871,0.4371810794606727,0.1777790805407253,0.09892504287687863,0.09892504287687863
/home/rjb255/researchProject/researchProject/data/big/qsar_data/CHEMBL5469.csv,0.7963105716776973,0.7028206563762714,0.5363717648179286,0.5459179920229568,0.4461552792381337
/home/rjb255/researchProject/researchProject/data/big/qsar_data/CHEMBL2093870.csv,2.528533576486354,1.6953229741850155,1.2584607165175479,1.0729954735795248,1.053004540476777
/home/rjb255/researchProject/researchProject/data/big/qsar_data/CHEMBL5850.csv,1.337627127784683,0.5052441499866933,0.27637187858262274,0.27637187858262274,0.27637187858262274
/home/rjb255/researchProject/researchProject/data/big/qsar_data/CHEMBL1857.csv,0.31121598750144497,0.18479247013193092,0.15951619874940673,0.12035795950084316,0.08242916163703042
/home/rjb255/researchProject/researchProject/data/big/qsar_data/CHEMBL3267.csv,1.8952124199851001,1.2861471838253147,1.4793953355089724,1.1484425321623533,1.0395822255649112
/home/rjb255/researchProject/researchProject/data/big/qsar_data/CHEMBL1163106.csv,0.45276128271413196,0.34080767113359717,0.3184388496281759,0.27629234570356487,0.27629234570356487
/home/rjb255/researchProject/researchProject/data/big/qsar_data/CHEMBL228.csv,2.1550099740660524,2.7955425702795393,2.6638768259325536,2.04654497378537,1.7813096915604947
/home/rjb255/researchProject/researchProject/data/big/qsar_data/CHEMBL3724.csv,0.8934053069170337,0.8322870336529251,0.5160347477356325,0.341693314376572,0.2150910369970168
/home/rjb255/researchProject/researchProject/data/big/qsar_data/CHEMBL2094268.csv,2.3667629562776202,2.2854218776022743,2.311337826178439,1.8683454722826927,1.3965209945724884
/home/rjb255/researchProject/researchProject/data/big/qsar_data/CHEMBL6191.csv,1.4586204981135786,0.9869741410151468,0.5294943405979655,0.34763527126517885,0.34763527126517885
/home/rjb255/researchProject/researchProject/data/big/qsar_data/CHEMBL5211.csv,1.1634014544121345,0.6822053865302451,0.3989811182214673,0.3989811182214673,0.3989811182214673
/home/rjb255/researchProject/researchProject/data/big/qsar_data/CHEMBL3972.csv,4.033020948558137,2.2565208705446445,1.2011043023460972,0.9916507768269464,0.3929101718869854
/home/rjb255/researchProject/researchProject/data/big/qsar_data/CHEMBL4335.csv,0.40067333358897045,0.14098123947163965,0.14098123947163965,0.14098123947163965,0.14098123947163965
/home/rjb255/researchProject/researchProject/data/big/qsar_data/CHEMBL4187.csv,0.9158782919848346,0.39542314083701763,0.335368449245571,0.18732726279018314,0.1533575002865077
/home/rjb255/researchProject/researchProject/data/big/qsar_data/CHEMBL4657.csv,1.848320326476193,1.635474606042202,1.8451959316883495,1.5607517258038455,0.9078642502745671
/home/rjb255/researchProject/researchProject/data/big/qsar_data/CHEMBL1909485.csv,0.7917900912395337,0.42867455470097343,0.3620712318471675,0.3620712318471675,0.3620712318471675
/home/rjb255/researchProject/researchProject/data/big/qsar_data/CHEMBL3753.csv,1.815364480620536,1.10619723197762,1.301463751113065,0.8094065311964127,0.3329267113298845
/home/rjb255/researchProject/researchProject/data/big/qsar_data/CHEMBL1795167.csv,0.9323353365362079,0.08641268027629444,0.04922875350258926,0.04922875350258926,0.04922875350258926
/home/rjb255/researchProject/researchProject/data/big/qsar_data/CHEMBL3332.csv,0.732476181231836,0.8428509292121317,0.8210901071153077,0.4563940407286639,0.39437836294589507
/home/rjb255/researchProject/researchProject/data/big/qsar_data/CHEMBL2099.csv,0.709261407378859,0.3613251049079224,0.20767321084270524,0.20767321084270524,0.20767321084270524
/home/rjb255/researchProject/researchProject/data/big/qsar_data/CHEMBL4027.csv,-1.350669973414938,4.054324829933061,2.1687829091416386,1.4355123762942659,0.9495316030390548
/home/rjb255/researchProject/researchProject/data/big/qsar_data/CHEMBL3622.csv,1.025697188415956,0.770886506351075,0.7151084215164186,0.6965550640242074,0.6528103605854376
/home/rjb255/researchProject/researchProject/data/big/qsar_data/CHEMBL3761.csv,1.7174753755175556,0.6963784053826495,0.4351531498909676,0.4351531498909676,0.4351531498909676
/home/rjb255/researchProject/researchProject/data/big/qsar_data/CHEMBL1988.csv,1.7937662393858533,1.1539727549671235,1.1539727549671235,1.1539727549671235,1.1539727549671235
/home/rjb255/researchProject/researchProject/data/big/qsar_data/CHEMBL2094135.csv,1.76334874550751,1.3718716443955732,1.4034220462598388,1.1042782196981142,0.6938505745881435
/home/rjb255/researchProject/researchProject/data/big/qsar_data/CHEMBL2094250.csv,1.4941020190901853,1.4174042864392506,1.562899197946972,1.2110996520639365,0.9107042351676271
/home/rjb255/researchProject/researchProject/data/big/qsar_data/CHEMBL2094114.csv,1.8804987658167371,0.4038680888168662,0.4038680888168662,0.4038680888168662,0.4038680888168662
/home/rjb255/researchProject/researchProject/data/big/qsar_data/CHEMBL1163124.csv,0.5885634050732838,0.331661709404488,0.18028435780252328,0.14407787114193346,0.14407787114193346
/home/rjb255/researchProject/researchProject/data/big/qsar_data/CHEMBL1795101.csv,0.8165354828575575,0.5866219464360303,0.4520731622800815,0.3939970172363592,0.28669087624976985
/home/rjb255/researchProject/researchProject/data/big/qsar_data/CHEMBL2959.csv,0.9305618475917782,1.3480337774078461,1.1401224176734466,0.9797132553623721,1.0681217503388358
/home/rjb255/researchProject/researchProject/data/big/qsar_data/CHEMBL3459.csv,2.788563247876741,1.7028265255275887,1.2199506261863584,1.070690412980199,0.9018876583602082
/home/rjb255/researchProject/researchProject/data/big/qsar_data/CHEMBL2096619.csv,0.2245100834401853,0.13901607029414872,0.13901607029414872,0.13901607029414872,0.13901607029414872
/home/rjb255/researchProject/researchProject/data/big/qsar_data/CHEMBL3085.csv,1.0069538535129252,0.6803230725883874,0.5125697630025636,0.37094050797293654,0.21496740090732938
/home/rjb255/researchProject/researchProject/data/big/qsar_data/CHEMBL2024.csv,0.9730977976661335,0.7765288143504363,0.535942414227115,0.535942414227115,0.535942414227115
/home/rjb255/researchProject/researchProject/data/big/qsar_data/CHEMBL2094118.csv,1.385253364782758,1.2703481956159806,1.0787628978229167,0.6311347677104843,0.5576728996085548
/home/rjb255/researchProject/researchProject/data/big/qsar_data/CHEMBL3231.csv,1.2144558367724352,1.2738046201102797,1.3407667312818463,1.201653525391733,1.18742454776443
/home/rjb255/researchProject/researchProject/data/big/qsar_data/CHEMBL234.csv,1.8472776224119285,2.0675658126750385,1.7071021837536018,1.3989014264814228,1.4041170244135193
/home/rjb255/researchProject/researchProject/data/big/qsar_data/CHEMBL3956.csv,0.3320994212231362,0.22400518112426443,0.14768950951163798,0.13304157928146895,0.05283916880424004
/home/rjb255/researchProject/researchProject/data/big/qsar_data/CHEMBL5936.csv,0.8353038016015782,0.7881977108778196,0.6313268786169608,0.29247609860485524,0.2586865997916362
/home/rjb255/researchProject/researchProject/data/big/qsar_data/CHEMBL4789.csv,1.241994971506109,1.3624353889132095,0.8638381360321306,0.6424203925208568,0.5814101917066961
/home/rjb255/researchProject/researchProject/data/big/qsar_data/CHEMBL6162.csv,0.6698836171983499,0.5703809498292224,0.5220070822438988,0.21917158521787516,0.21917158521787516
/home/rjb255/researchProject/researchProject/data/big/qsar_data/CHEMBL3729.csv,1.4277306248945114,1.1593909526700839,1.1087071350371083,1.2662122930532005,0.7012708855017464
/home/rjb255/researchProject/researchProject/data/big/qsar_data/CHEMBL5952.csv,0.8925873755979569,0.38586337718558883,0.38586337718558883,0.38586337718558883,0.38586337718558883
/home/rjb255/researchProject/researchProject/data/big/qsar_data/CHEMBL1973.csv,0.6365589069140279,0.7253332350491115,0.15934320352867676,0.15934320352867676,0.15934320352867676
/home/rjb255/researchProject/researchProject/data/big/qsar_data/CHEMBL2095188.csv,2.5399961400283386,2.382059983080991,2.517194181359622,2.535166615949402,2.4657314882296277
/home/rjb255/researchProject/researchProject/data/big/qsar_data/CHEMBL1882.csv,2.0304517266382978,1.0574067574986215,0.9794172120973565,0.7890708846829129,0.7026920362263147
/home/rjb255/researchProject/researchProject/data/big/qsar_data/CHEMBL2111377.csv,2.6871413627119463,1.6592330653276988,1.6592330653276988,1.6592330653276988,1.6592330653276988
/home/rjb255/researchProject/researchProject/data/big/qsar_data/CHEMBL4977.csv,0.6248205935272347,0.427528091835515,0.26834777676085764,0.16637169522330866,0.1167779747465503
/home/rjb255/researchProject/researchProject/data/big/qsar_data/CHEMBL1795135.csv,0.33911437085727414,0.42099778253326825,0.17707492111687986,0.1163642087247218,0.1163642087247218
/home/rjb255/researchProject/researchProject/data/big/qsar_data/CHEMBL4818.csv,0.30728195650666773,0.21693666521995755,0.10904869964832932,0.055749609933387914,0.055749609933387914
/home/rjb255/researchProject/researchProject/data/big/qsar_data/CHEMBL5838.csv,1.0185886781267897,0.42497820188836966,0.2633288577203459,0.21097308563035008,0.21097308563035008
/home/rjb255/researchProject/researchProject/data/big/qsar_data/CHEMBL3372.csv,0.4127084258091983,0.1970299681412976,0.1970299681412976,0.1970299681412976,0.1970299681412976
/home/rjb255/researchProject/researchProject/data/big/qsar_data/CHEMBL3898.csv,0.8219837246974016,1.093798760896387,1.307130829639681,0.7279093921564997,0.6191536362236729
/home/rjb255/researchProject/researchProject/data/big/qsar_data/CHEMBL5147.csv,1.1378802291294379,1.4259937081624428,1.1775617869115267,0.8476026498021617,0.9180959364344164
/home/rjb255/researchProject/researchProject/data/big/qsar_data/CHEMBL4647.csv,1.9335367438271307,0.6100107487503091,0.2949181855378022,0.2949181855378022,0.2949181855378022
/home/rjb255/researchProject/researchProject/data/big/qsar_data/CHEMBL3589.csv,1.1895409066948557,1.3350716029377119,1.2045459564566994,0.9267408990389042,0.7760303388645228
/home/rjb255/researchProject/researchProject/data/big/qsar_data/CHEMBL5258.csv,0.22017885040025106,0.1643685028931649,0.05870704874198464,0.04672291810296544,0.04672291810296544
/home/rjb255/researchProject/researchProject/data/big/qsar_data/CHEMBL3933.csv,0.6276994909055795,0.8132214822862074,0.48202954619196675,0.2879282928803535,0.18097118451664718
/home/rjb255/researchProject/researchProject/data/big/qsar_data/CHEMBL6056.csv,0.29639230839108544,0.2671390309069303,0.12958567982739574,0.08167021552462006,0.08167021552462006
/home/rjb255/researchProject/researchProject/data/big/qsar_data/CHEMBL3720.csv,0.38745032387833306,0.27136886521472575,0.10072517384084344,0.10072517384084344,0.10072517384084344
/home/rjb255/researchProject/researchProject/data/big/qsar_data/CHEMBL1892.csv,2.001873041562624,2.000195463327426,1.8314990613698374,1.290492791711061,1.0977935778457975
/home/rjb255/researchProject/researchProject/data/big/qsar_data/CHEMBL1795096.csv,0.03025883830599378,0.03312294370792511,0.033273381482476404,0.029576356064227316,0.02889732262382982
/home/rjb255/researchProject/researchProject/data/big/qsar_data/CHEMBL1907605.csv,1.4667660526126678,1.5736527096152741,0.9105238794511392,1.0176803022017473,1.0445335750142966
/home/rjb255/researchProject/researchProject/data/big/qsar_data/CHEMBL3351.csv,1.133865673091357,1.113247996542425,1.0278445370482123,0.8538614978884332,0.6716275015758733
/home/rjb255/researchProject/researchProject/data/big/qsar_data/CHEMBL5550.csv,0.200512610174481,0.20751633843866596,0.0982988444235698,0.08417075007262904,0.08417075007262904
/home/rjb255/researchProject/researchProject/data/big/qsar_data/CHEMBL5040.csv,0.21832188072985328,0.09448152518248348,0.09448152518248348,0.09448152518248348,0.09448152518248348
/home/rjb255/researchProject/researchProject/data/big/qsar_data/CHEMBL3060.csv,0.9491794447575155,1.0677532305740716,0.49724471712383117,0.31632996709124206,0.20508112646368623
/home/rjb255/researchProject/researchProject/data/big/qsar_data/CHEMBL2916.csv,0.9511445526907466,1.0519426469619493,0.903118583209848,0.7170970440038493,0.5511189384376612
/home/rjb255/researchProject/researchProject/data/big/qsar_data/CHEMBL5102.csv,1.403857413180767,1.5283139875041518,1.5631331028732902,1.3951987506457062,1.439218600798606
/home/rjb255/researchProject/researchProject/data/big/qsar_data/CHEMBL5774.csv,2.5229946397918934,0.8451638045990022,0.6771523622227126,0.6771523622227126,0.6771523622227126
/home/rjb255/researchProject/researchProject/data/big/qsar_data/CHEMBL257.csv,2.738635304879564,2.9068904016713892,1.568946241670399,1.2364966747028499,1.136159832356093
/home/rjb255/researchProject/researchProject/data/big/qsar_data/CHEMBL3699.csv,0.12666702002339425,0.09863414809998745,0.09863414809998745,0.09863414809998745,0.09863414809998745
/home/rjb255/researchProject/researchProject/data/big/qsar_data/CHEMBL2094112.csv,1.9869738924805227,2.6132350436729848,2.7968631140174756,2.517403393649227,2.3555103149325323
/home/rjb255/researchProject/researchProject/data/big/qsar_data/CHEMBL3161.csv,0.7577337186730044,0.3814323513698701,0.15600769366332598,0.15600769366332598,0.15600769366332598
/home/rjb255/researchProject/researchProject/data/big/qsar_data/CHEMBL5072.csv,1.0345963621139005,1.0496471933177427,0.6593127026950378,0.7616058436753063,0.8031858896372678
/home/rjb255/researchProject/researchProject/data/big/qsar_data/CHEMBL3604.csv,1.007985644952811,0.5624499993241056,0.3704140512276289,0.20101779476370732,0.20101779476370732
/home/rjb255/researchProject/researchProject/data/big/qsar_data/CHEMBL5867.csv,0.08400296109569262,0.03927579782292058,0.03927579782292058,0.03927579782292058,0.03927579782292058
/home/rjb255/researchProject/researchProject/data/big/qsar_data/CHEMBL5457.csv,1.4255082733637308,1.097985217528965,0.7663466720829043,0.6488447459597695,0.46039155059852277
/home/rjb255/researchProject/researchProject/data/big/qsar_data/CHEMBL5907.csv,0.6275854879873978,0.2785792262768474,0.1399033268264843,0.09148837239606912,0.09148837239606912
/home/rjb255/researchProject/researchProject/data/big/qsar_data/CHEMBL2514.csv,1.382326134611632,1.0700383952072972,0.37874970505882416,0.37874970505882416,0.37874970505882416
/home/rjb255/researchProject/researchProject/data/big/qsar_data/CHEMBL4054.csv,0.3900756201674837,0.4575188155168406,0.28362159104581214,0.19333440107037222,0.14750618232306328
/home/rjb255/researchProject/researchProject/data/big/qsar_data/CHEMBL5517.csv,0.3282004605277068,0.21336966250717623,0.10555320535955721,0.06089655840941095,0.06089655840941095
/home/rjb255/researchProject/researchProject/data/big/qsar_data/CHEMBL5035.csv,0.3997553432248225,0.3371564142409699,0.3133793631725545,0.26824207814661283,0.26824207814661283
/home/rjb255/researchProject/researchProject/data/big/qsar_data/CHEMBL2095216.csv,1.0264251605770425,1.026376586201343,0.6177645068055829,0.17757413657110907,0.1213319092673748
/home/rjb255/researchProject/researchProject/data/big/qsar_data/CHEMBL4566.csv,2.016650245859523,2.085812304808663,3.702503027909197,1.8740408448525945,1.9029174525654389
/home/rjb255/researchProject/researchProject/data/big/qsar_data/CHEMBL4892.csv,2.143902308682472,3.0912752021320253,2.756359605897773,1.1969814123970126,0.69731312907105
/home/rjb255/researchProject/researchProject/data/big/qsar_data/CHEMBL4508.csv,0.5765110247625962,0.4800370670572281,0.23541124869555985,0.14963503285706833,0.09564633887736464
/home/rjb255/researchProject/researchProject/data/big/qsar_data/CHEMBL5038.csv,1.5646460945447704,1.0576713390377677,0.7983880697293025,0.33684313823794804,0.17638050078388823
/home/rjb255/researchProject/researchProject/data/big/qsar_data/CHEMBL3640.csv,1.2004157138555716,0.26961963409501505,0.08826090575130452,0.08826090575130452,0.08826090575130452
/home/rjb255/researchProject/researchProject/data/big/qsar_data/CHEMBL4549.csv,0.2829634968061414,0.18638797349476594,0.10348490010994485,0.10348490010994485,0.10348490010994485
/home/rjb255/researchProject/researchProject/data/big/qsar_data/CHEMBL5763.csv,2.384961570450254,1.192727796642586,0.9652202971818524,1.073901272183903,0.8775188442427739
/home/rjb255/researchProject/researchProject/data/big/qsar_data/CHEMBL5500.csv,0.17995434869189622,0.12641021382572662,0.1026108894079537,0.08873347837068112,0.08873347837068112
/home/rjb255/researchProject/researchProject/data/big/qsar_data/CHEMBL3777.csv,0.22595442088964154,0.09911273142312127,0.09911273142312127,0.09911273142312127,0.09911273142312127
/home/rjb255/researchProject/researchProject/data/big/qsar_data/CHEMBL1293258.csv,0.4127089037137045,0.20505072317874967,0.17075351293289018,0.17075351293289018,0.17075351293289018
/home/rjb255/researchProject/researchProject/data/big/qsar_data/CHEMBL2659.csv,3.927725945191258,0.4789508230500947,0.16865905180227572,0.16865905180227572,0.16865905180227572
